{"count":1,"self":1058.604032,"total":2556.5592573999998,"children":{"InitializeActuators":{"count":16,"self":0.0040177,"total":0.0040177,"children":null},"InitializeSensors":{"count":16,"self":0.0039873999999999995,"total":0.0039873999999999995,"children":null},"AgentSendState":{"count":121401,"self":20.2170368,"total":88.585876599999992,"children":{"CollectObservations":{"count":388496,"self":7.5574024,"total":7.5574021,"children":null},"WriteActionMask":{"count":388496,"self":4.5585564,"total":4.5585565,"children":null},"RequestDecision":{"count":388496,"self":14.167451199999999,"total":56.2528818,"children":{"AgentInfo.ToProto":{"count":388496,"self":13.6566,"total":42.085430099999996,"children":{"GenerateSensorData":{"count":388496,"self":28.428832,"total":28.4288308,"children":null}}}}}}},"DecideAction":{"count":121401,"self":1350.1466624,"total":1350.1466398999999,"children":null},"AgentAct":{"count":121401,"self":59.150956799999996,"total":59.1837747,"children":{"AgentInfo.ToProto":{"count":156,"self":0.0088784,"total":0.032816,"children":{"GenerateSensorData":{"count":156,"self":0.0239376,"total":0.0239376,"children":null}}}}},"AgentInfo.ToProto":{"count":113,"self":0.011911699999999999,"total":0.0258953,"children":{"GenerateSensorData":{"count":113,"self":0.013983599999999999,"total":0.013983599999999999,"children":null}}}},"gauges":{"ChickenCatcher.CumulativeReward":{"count":269,"max":21.9443588,"min":-4.43785,"runningAverage":0.3136249,"value":-2.12249433E-05,"weightedAverage":0.708794}},"metadata":{"timer_format_version":"0.1.0","start_time_seconds":"1653849963","unity_version":"2020.3.0f1","command_line_arguments":"C:\\Program Files\\Unity\\Hub\\Editor\\2020.3.0f1\\Editor\\Unity.exe -projectpath C:\/Users\/erica\/OneDrive\/Ambiente de Trabalho\/ISEL\/3a02 - IAV\/Trabalho 2 - MLAgents -useHub -hubIPC -cloudEnvironment production -hubSessionId ce735fe0-dd07-11ec-9263-0b2b77ee7513","communication_protocol_version":"1.5.0","com.unity.ml-agents_version":"2.2.1-exp.1","scene_name":"SampleScene","end_time_seconds":"1653852519"}}